<?xml version="1.0"?>
<!DOCTYPE Configure PUBLIC "-//Jetty//Configure//EN" "http://www.eclipse.org/jetty/configure.dtd">

<!-- =============================================================== -->
<!-- Configure the Jetty Server                                      -->
<!--                                                                 -->
<!-- Documentation of this file format can be found at:              -->
<!-- http://wiki.eclipse.org/Jetty/Reference/jetty.xml_syntax        -->
<!--                                                                 -->
<!-- Additional configuration files are available in $JETTY_HOME/etc -->
<!-- and can be mixed in.  For example:                              -->
<!--   java -jar start.jar etc/jetty-ssl.xml                         -->
<!--                                                                 -->
<!-- See start.ini file for the default configuraton files           -->
<!-- =============================================================== -->


<Configure id="Server" class="org.eclipse.jetty.server.Server">

  <!-- =========================================================== -->
  <!-- Server Thread Pool                                          -->
  <!-- =========================================================== -->
  <Set name="ThreadPool">
    <!-- Default queued blocking threadpool -->
    <New class="org.eclipse.jetty.util.thread.QueuedThreadPool">
      <Set name="minThreads">10</Set>
      <Set name="maxThreads">10000</Set>
      <Set name="detailedDump">false</Set>
    </New>
  </Set>

  <!-- =========================================================== -->
  <!-- Set connectors                                              -->
  <!-- =========================================================== -->
  <Call name="addConnector">
    <Arg>
      <New class="org.eclipse.jetty.server.nio.SelectChannelConnector">
        <Set name="host"><Property name="jetty.host" /></Set>
        <Set name="port"><Property name="jetty.port" default="8983"/></Set>
        <Set name="maxIdleTime">300000</Set>
        <Set name="Acceptors">2</Set>
        <Set name="statsOn">false</Set>
        <Set name="confidentialPort">8443</Set>
        <Set name="lowResourcesConnections">20000</Set>
        <Set name="lowResourcesMaxIdleTime">5000</Set>
      </New>
    </Arg>
  </Call>

  <!-- =========================================================== -->
  <!-- Set handler Collection Structure                            --> 
  <!-- =========================================================== -->
  <Set name="handler">
    <New id="Handlers" class="org.eclipse.jetty.server.handler.HandlerCollection">
      <Set name="handlers">
       <Array type="org.eclipse.jetty.server.Handler">
         <Item>
           <New id="Contexts" class="org.eclipse.jetty.server.handler.ContextHandlerCollection"/>
         </Item>
         <Item>
           <New id="DefaultHandler" class="org.eclipse.jetty.server.handler.DefaultHandler"/>
         </Item>
       </Array>
      </Set>
    </New>
  </Set>

  <!-- =========================================================== -->
  <!-- Jetty's log                                                 --> 
  <!-- =========================================================== -->
  <New id="ServerLog" class="java.io.PrintStream">
    <Arg>
      <New class="org.eclipse.jetty.util.RolloverFileOutputStream">
        <Arg><Property name="jetty.logs" default="./logs"/>/jetty.log</Arg>
        <Arg type="boolean">false</Arg>
        <Arg type="int">90</Arg>
        <Arg><Call class="java.util.TimeZone" name="getTimeZone"><Arg>GMT</Arg></Call></Arg>
        <Get id="ServerLogName" name="datedFilename"/>
      </New>
    </Arg>
  </New>

  <Call class="org.eclipse.jetty.util.log.Log" name="info"><Arg>Redirecting stderr/stdout to <Ref id="ServerLogName"/></Arg></Call>
  <Call class="java.lang.System" name="setErr"><Arg><Ref id="ServerLog"/></Arg></Call>
  <Call class="java.lang.System" name="setOut"><Arg><Ref id="ServerLog"/></Arg></Call>  
  
  <!-- =========================================================== -->
  <!-- extra options                                               -->
  <!-- =========================================================== -->
  <Set name="stopAtShutdown">true</Set>
  <Set name="sendServerVersion">false</Set>
  <Set name="sendDateHeader">false</Set>
  <Set name="gracefulShutdown">1000</Set>
  <Set name="dumpAfterStart">false</Set>
  <Set name="dumpBeforeStop">false</Set>

  <!-- =========================================================== -->
  <!-- Set deployment manager                                      -->
  <!-- =========================================================== -->
  <Call name="addBean">
    <Arg>
      <New id="DeploymentManager" class="org.eclipse.jetty.deploy.DeploymentManager">
        <Set name="contexts">
          <Ref id="Contexts" />
        </Set>
        <Call name="setContextAttribute">
          <Arg>org.eclipse.jetty.server.webapp.ContainerIncludeJarPattern</Arg>
          <Arg>.*/servlet-api-[^/]*\.jar$</Arg>
        </Call>
      </New>
    </Arg>
  </Call>
  
  <Ref id="DeploymentManager">
    <Call name="addAppProvider">
      <Arg>
        <New class="org.eclipse.jetty.deploy.providers.ContextProvider">
          <Set name="monitoredDirName"><SystemProperty name="jetty.home" default="."/>/contexts</Set>
          <Set name="scanInterval">0</Set>
        </New>
      </Arg>
    </Call>
  </Ref>

</Configure>
